{"cameraMode":{"drawMode":0,"name":"Shaded","section":"Shading Mode"},"sceneLighting":false,"audioPlay":false,"sceneViewState":{"m_AlwaysRefresh":false,"showFog":true,"showSkybox":false,"showFlares":true,"showImageEffects":true,"showParticleSystems":true,"showVisualEffectGraphs":true,"m_FxEnabled":true},"in2DMode":false,"pivot":{"x":-0.07470738887786865,"y":0.5979422330856323,"z":-0.0908556580543518},"rotation":{"x":-0.025706756860017778,"y":0.9717475771903992,"z":-0.1263611614704132,"w":-0.19769029319286347},"size":1.63230299949646,"orthographic":false}