{"cameraMode":{"drawMode":0,"name":"Shaded","section":"Shading Mode"},"sceneLighting":false,"audioPlay":false,"sceneViewState":{"m_AlwaysRefresh":false,"showFog":true,"showSkybox":false,"showFlares":true,"showImageEffects":true,"showParticleSystems":true,"showVisualEffectGraphs":true,"m_FxEnabled":true},"in2DMode":false,"pivot":{"x":-0.038305044174194339,"y":0.6631599068641663,"z":-0.05667233467102051},"rotation":{"x":0.03400975093245506,"y":0.10086596012115479,"z":0.0034501180052757265,"w":-0.9943147301673889},"size":1.2983431816101075,"orthographic":false}