{"cameraMode":{"drawMode":0,"name":"Shaded","section":"Shading Mode"},"sceneLighting":false,"audioPlay":false,"sceneViewState":{"m_AlwaysRefresh":false,"showFog":true,"showSkybox":false,"showFlares":true,"showImageEffects":true,"showParticleSystems":true,"showVisualEffectGraphs":true,"m_FxEnabled":true},"in2DMode":false,"pivot":{"x":-0.04977911710739136,"y":-0.0010983049869537354,"z":-0.7195566296577454},"rotation":{"x":-0.04688851907849312,"y":0.820985734462738,"z":-0.06814134865999222,"w":-0.564925491809845},"size":1.4781603813171387,"orthographic":false}