{"cameraMode":{"drawMode":0,"name":"Shaded","section":"Shading Mode"},"sceneLighting":false,"audioPlay":false,"sceneViewState":{"m_AlwaysRefresh":false,"showFog":true,"showSkybox":false,"showFlares":true,"showImageEffects":true,"showParticleSystems":true,"showVisualEffectGraphs":true,"m_FxEnabled":true},"in2DMode":false,"pivot":{"x":-0.0004813671112060547,"y":0.11404481530189514,"z":0.0011404752731323243},"rotation":{"x":0.05637439712882042,"y":0.6763445734977722,"z":-0.05206093192100525,"w":0.7326010465621948},"size":0.807790219783783,"orthographic":false}