{"cameraMode":{"drawMode":0,"name":"Shaded","section":"Shading Mode"},"sceneLighting":false,"audioPlay":false,"sceneViewState":{"m_AlwaysRefresh":false,"showFog":true,"showSkybox":false,"showFlares":true,"showImageEffects":true,"showParticleSystems":true,"showVisualEffectGraphs":true,"m_FxEnabled":true},"in2DMode":false,"pivot":{"x":0.46999990940093996,"y":1.3122718334197999,"z":1.4501477479934693},"rotation":{"x":0.05626852065324783,"y":-0.8007088899612427,"z":0.0761328712105751,"w":0.5915543437004089},"size":0.6235381364822388,"orthographic":false}