{"cameraMode":{"drawMode":0,"name":"Shaded","section":"Shading Mode"},"sceneLighting":false,"audioPlay":false,"sceneViewState":{"m_AlwaysRefresh":false,"showFog":true,"showSkybox":false,"showFlares":true,"showImageEffects":true,"showParticleSystems":true,"showVisualEffectGraphs":true,"m_FxEnabled":true},"in2DMode":false,"pivot":{"x":-0.05479279160499573,"y":0.7282639741897583,"z":-0.07008910179138184},"rotation":{"x":-0.034928884357213977,"y":0.45796021819114687,"z":-0.01801166869699955,"w":-0.8881044387817383},"size":1.3440401554107667,"orthographic":false}